track,frame_idx,instance.score,head.x,head.y,head.score,torso.x,torso.y,torso.score,tail_base.x,tail_base.y,tail_base.score
track_0,0,0.4524087607860565,566.7957763671875,248.92642211914062,0.7755330204963684,477.0491638183594,276.1953125,0.8403405547142029,416.61859130859375,289.07952880859375,0.6417162418365479
track_0,1,0.42329326272010803,579.212158203125,252.098876953125,0.524508535861969,491.91668701171875,268.13330078125,0.8640106916427612,428.5932922363281,252.56826782226562,0.5024430751800537
track_1,1,0.2301671802997589,475.9535827636719,427.96942138671875,1.0238147974014282,480.21429443359375,364.23541259765625,0.990409255027771,,,0.0
track_0,2,0.4047764241695404,595.26123046875,255.99826049804688,0.43860507011413574,508.07537841796875,260.35247802734375,0.9026200771331787,444.06768798828125,272.2767639160156,0.7738549113273621
track_1,2,0.292741984128952,476.05938720703125,428.0794677734375,0.9658472537994385,480.260009765625,368.2130432128906,1.0301448106765747,492.5027160644531,320.77032470703125,0.2259872406721115
track_0,3,0.3867647647857666,610.6917724609375,260.1650390625,0.5414741635322571,524.1901245117188,256.40582275390625,0.9521400928497314,456.2990417480469,272.59014892578125,0.910106897354126
track_1,3,0.32262083888053894,473.0662536621094,428.3089294433594,0.9537370204925537,480.38226318359375,368.51287841796875,1.0436177253723145,488.4788513183594,316.4230041503906,0.5814676880836487
track_0,4,0.38282501697540283,615.0911865234375,263.83770751953125,0.5152337551116943,528.2548217773438,260.05670166015625,0.9178717136383057,464.9497985839844,272.3085632324219,0.6030462980270386
track_1,4,0.3326621353626251,472.99493408203125,425.10205078125,0.8406466841697693,480.32684326171875,372.25750732421875,1.052067518234253,488.646728515625,316.18096923828125,0.6143077611923218
track_0,5,0.39331555366516113,626.9457397460938,268.50628662109375,0.5867046117782593,540.3880615234375,260.4835205078125,0.9825992584228516,472.6803283691406,241.07196044921875,0.5862302184104919
track_1,5,0.3380920886993408,472.9813537597656,425.158935546875,0.8397933840751648,480.30206298828125,372.3500061035156,1.0574347972869873,488.6397705078125,316.1955261230469,0.510289192199707
track_0,6,0.41966649889945984,638.83740234375,280.1960754394531,0.627041757106781,552.4480590820312,264.4106140136719,1.0068910121917725,479.8867492675781,240.64706420898438,0.7807942032814026
track_1,6,0.34320732951164246,472.9420166015625,425.2140808105469,0.8350448608398438,480.2572326660156,372.4224548339844,1.0542082786560059,488.646240234375,316.04071044921875,0.47962358593940735
track_0,7,0.45791706442832947,650.564208984375,291.7007141113281,0.6570274829864502,564.3035278320312,268.3663635253906,1.0178098678588867,491.9747619628906,272.6622619628906,0.696276068687439
track_1,7,0.3555755019187927,472.87994384765625,425.324951171875,0.8298002481460571,480.1773681640625,372.5506286621094,1.0575093030929565,488.368408203125,313.3949890136719,0.4908736050128937
track_0,8,0.4504880905151367,652.4696044921875,301.0525207519531,0.7997026443481445,568.3583984375,268.7109375,0.9996821880340576,496.6807556152344,272.2847595214844,0.812649667263031
track_1,8,0.3697046637535095,475.9535827636719,427.9525451660156,0.7758426666259766,480.130126953125,376.1317443847656,1.05312979221344,488.242919921875,313.0549621582031,0.5788053274154663
track_0,9,0.4768922030925751,652.7667236328125,324.17974853515625,0.934299111366272,576.4676513671875,276.14996337890625,0.9884847402572632,508.3733825683594,264.2637939453125,0.9187230467796326
track_1,9,0.3805091083049774,475.9229736328125,428.02099609375,0.7746325135231018,480.0960693359375,376.16552734375,1.047853946685791,488.2340087890625,313.15118408203125,0.5615622997283936
track_0,10,0.5200649499893188,640.4264526367188,344.53143310546875,1.0300710201263428,584.1443481445312,280.26678466796875,0.9986737370491028,515.9872436523438,260.3253479003906,0.8963556289672852
track_1,10,0.38894936442375183,475.899658203125,428.11004638671875,0.7731940150260925,480.08447265625,376.2467346191406,1.0460842847824097,488.3694152832031,313.25360107421875,0.5684839487075806
track_0,11,0.551393985748291,628.269775390625,360.42626953125,0.9378353357315063,588.4378051757812,287.8902587890625,0.9967845678329468,525.1718139648438,252.39968872070312,0.5882707834243774
track_1,11,0.3957940638065338,475.8798828125,428.1564025878906,0.7825862765312195,480.07000732421875,376.31561279296875,1.034300446510315,488.1365661621094,313.16033935546875,0.6146658658981323
track_0,12,0.5475945472717285,604.2098999023438,372.4603271484375,0.6429928541183472,592.35791015625,296.0161437988281,0.9672675132751465,540.2949829101562,240.6987762451172,0.7994961142539978
track_1,12,0.3823365569114685,475.7424011230469,428.3905029296875,0.7368829250335693,480.0067138671875,376.4083251953125,1.0236904621124268,488.086669921875,313.2164611816406,0.5855477452278137
track_0,13,0.517364501953125,588.0689697265625,380.57891845703125,0.779114305973053,592.329833984375,304.1534729003906,0.993312418460846,548.4964599609375,240.2158203125,0.6603385210037231
track_1,13,0.34286314249038696,472.71966552734375,428.56158447265625,0.7078045010566711,479.99176025390625,376.4978942871094,1.0163167715072632,488.111572265625,313.3660583496094,0.5946069359779358
track_0,14,0.4663306474685669,572.533935546875,392.1553955078125,0.9626324772834778,588.6290893554688,308.2077941894531,0.9867236614227295,569.1801147460938,232.92611694335938,0.46956151723861694
track_1,14,0.2622133791446686,472.7596435546875,428.6285705566406,0.6988431811332703,480.23150634765625,376.53741455078125,1.0182985067367554,485.15887451171875,313.1398010253906,0.6264535188674927
track_0,15,0.4293983578681946,552.6439819335938,396.8113708496094,1.0563678741455078,588.24169921875,320.1942443847656,0.9954323172569275,580.0159912109375,240.3459014892578,0.5672661066055298
track_0,16,0.40701889991760254,544.8001098632812,403.8671875,1.2685624361038208,580.68212890625,332.5060729980469,0.9515422582626343,580.6788330078125,251.76654052734375,0.41678059101104736
track_0,17,0.39814814925193787,540.21826171875,403.7554931640625,1.020996332168579,576.5364379882812,340.59063720703125,0.9389529824256897,608.2979736328125,260.0246276855469,0.7988230586051941
track_0,18,0.39922454953193665,536.6478271484375,404.54962158203125,0.9023539423942566,572.7772216796875,344.74072265625,0.9246043562889099,608.7120971679688,268.28863525390625,0.514091968536377
track_0,19,0.392471045255661,532.9254760742188,408.8349609375,0.9607021808624268,572.4281005859375,348.63555908203125,0.9750639200210571,592.561767578125,268.68157958984375,0.6225649118423462
track_0,20,0.38601306080818176,532.7721557617188,415.8078308105469,1.0329023599624634,568.6019897460938,356.5113220214844,0.8957685828208923,596.690185546875,272.5326843261719,0.6020364165306091
track_0,21,0.36954939365386963,532.669189453125,417.024169921875,1.0506635904312134,572.4271850585938,356.7035217285156,0.9169376492500305,601.027099609375,277.0139465332031,0.727725088596344
track_0,22,0.35607293248176575,528.8858642578125,416.990966796875,0.9454426765441895,576.2692260742188,360.7099914550781,0.9264096617698669,604.368896484375,281.3302917480469,0.7259460687637329
track_0,23,0.3537687659263611,524.5635986328125,416.69842529296875,0.8646793365478516,576.2620239257812,368.5989990234375,0.9056528806686401,608.1136474609375,288.5063171386719,0.5757851600646973
track_0,24,0.3488506078720093,512.5927124023438,416.3736572265625,0.5244342684745789,576.3172607421875,372.7530212402344,0.9250544309616089,608.8092041015625,293.0333557128906,0.7416368126869202
track_0,25,0.3352181017398834,512.6963500976562,423.72052001953125,0.6641085147857666,572.4138793945312,376.73968505859375,0.8898491859436035,608.5797729492188,296.7300720214844,0.7599696516990662
track_0,26,0.3231568932533264,512.662353515625,427.80743408203125,0.7985959649085999,572.210205078125,376.64501953125,0.9096771478652954,608.1653442382812,297.046875,0.711275041103363
track_1,26,0.28400981426239014,,,0.0,544.8203735351562,407.9003601074219,0.8519715070724487,,,0.0
track_0,27,0.3228015601634979,480.3238220214844,404.8268737792969,0.5518357753753662,568.495361328125,376.740234375,0.8836185932159424,605.1888427734375,297.38079833984375,0.6612192988395691
track_1,27,0.29457834362983704,,,0.0,536.7157592773438,407.94696044921875,0.8447185754776001,,,0.0
track_0,28,0.3207474648952484,480.7230224609375,408.67340087890625,0.3805585205554962,568.2327880859375,376.70477294921875,0.8883818984031677,604.6061401367188,300.8126220703125,0.7330642938613892
track_1,28,0.2995111048221588,,,0.0,540.5919189453125,404.1641845703125,0.7152700424194336,,,0.0
track_0,29,0.3195952773094177,477.06549072265625,427.5406494140625,0.25949597358703613,564.467041015625,376.7386474609375,0.8224585652351379,604.874267578125,301.0380554199219,0.6093980073928833
track_1,29,0.28678128123283386,,,0.0,536.5670776367188,404.2006530761719,0.6950396299362183,,,0.0
track_0,30,0.31884655356407166,476.9877624511719,424.5368957519531,0.24862831830978394,564.4321899414062,376.7223815917969,0.8312656879425049,605.1034545898438,301.3246154785156,0.5663133859634399
track_1,30,0.28911328315734863,,,0.0,536.5838623046875,404.1559143066406,0.7110744118690491,,,0.0
track_0,31,0.3142942190170288,476.8079528808594,428.0658874511719,0.24703797698020935,564.264892578125,376.5987243652344,0.8337206244468689,604.7279663085938,301.3241882324219,0.5808698534965515
track_1,31,0.2919818162918091,,,0.0,536.5187377929688,403.8219909667969,0.7366983890533447,,,0.0
track_0,32,0.30722957849502563,477.119384765625,427.81195068359375,0.2975682318210602,564.2584228515625,372.773193359375,0.8495814204216003,604.2799072265625,301.0464782714844,0.49661049246788025
track_1,32,0.2916491627693176,,,0.0,536.3667602539062,399.9708251953125,0.706992506980896,,,0.0
track_0,33,0.2987159788608551,532.6741943359375,452.41400146484375,0.31538310647010803,564.21826171875,372.635009765625,0.8532594442367554,604.0074462890625,300.75042724609375,0.49359363317489624
track_1,33,0.2671794593334198,,,0.0,540.330322265625,403.77020263671875,0.7800411581993103,451.8305358886719,384.80364990234375,0.20975825190544128
track_0,34,0.2951495349407196,544.5801391601562,452.5283203125,0.40352001786231995,564.2679443359375,372.5479736328125,0.8238230347633362,603.8880615234375,300.4663391113281,0.5151106119155884
track_0,35,0.2967452108860016,564.0851440429688,457.42376708984375,0.2579185366630554,564.2198486328125,368.7352294921875,0.795282781124115,600.9647216796875,297.3063659667969,0.49556994438171387
track_0,36,0.2934127449989319,572.79150390625,455.50701904296875,0.3473227620124817,564.133056640625,368.58087158203125,0.7894008755683899,596.676513671875,296.8230895996094,0.621086597442627
track_0,37,0.2933770716190338,592.6176147460938,455.162109375,0.48736318945884705,564.4485473632812,368.1064453125,0.6924156546592712,592.7919921875,296.22735595703125,0.7654416561126709
track_0,38,0.2910673916339874,601.03271484375,454.8630065917969,0.588155210018158,564.73388671875,368.03564453125,0.68387371301651,589.3243408203125,296.2288818359375,0.743483304977417
track_0,39,0.2852570712566376,608.1904296875,454.7311706542969,0.5810101628303528,568.5014038085938,368.0950622558594,0.7540150880813599,588.6681518554688,296.3685302734375,0.806620717048645
track_0,40,0.2680153250694275,608.6867065429688,455.0006408691406,0.5338106155395508,572.2232055664062,368.1636962890625,0.8041828870773315,588.1392211914062,296.7616271972656,0.7899426817893982
track_1,40,0.2074090838432312,609.0292358398438,456.8016052246094,1.140503168106079,576.5669555664062,428.778564453125,0.8369448184967041,,,0.0
track_0,41,0.26613566279411316,612.912353515625,454.705322265625,0.6246640086174011,572.430908203125,368.2545471191406,0.7871053814888,585.523193359375,296.8086853027344,0.7640953660011292
track_1,41,0.2309129685163498,612.7346801757812,456.9019470214844,1.0818122625350952,580.4635009765625,432.532470703125,0.8327886462211609,,,0.0
track_0,42,0.26751652359962463,620.432373046875,454.8058166503906,0.6603069305419922,572.4178466796875,368.474609375,0.8020805716514587,585.3824462890625,300.2056884765625,0.7874256372451782
track_1,42,0.23663973808288574,620.7405395507812,459.9595031738281,1.1250512599945068,580.5577392578125,432.53509521484375,0.8293443322181702,,,0.0
track_0,43,0.26362496614456177,620.5188598632812,458.7256164550781,0.7330962419509888,576.0133056640625,372.279541015625,0.8085700869560242,584.8182373046875,301.0152282714844,0.7390901446342468
track_1,43,0.23777920007705688,620.4183959960938,460.028564453125,1.140763282775879,584.1019287109375,432.5411376953125,0.8324726223945618,,,0.0
track_0,44,0.26459744572639465,620.4647827148438,458.60406494140625,0.7799762487411499,576.0909423828125,372.3216857910156,0.8142005205154419,584.5325927734375,301.4321594238281,0.7096037864685059
track_1,44,0.23775069415569305,620.2515869140625,456.5360107421875,0.9518918395042419,584.1622314453125,432.40740966796875,0.8333188891410828,592.4395141601562,456.133544921875,0.21658484637737274
track_0,45,0.2739933729171753,620.0803833007812,456.39447021484375,0.7057615518569946,576.36669921875,372.2633361816406,0.8127956986427307,584.5140380859375,304.5423278808594,0.7042167782783508
track_1,45,0.23153221607208252,616.7115478515625,460.17681884765625,0.5640249848365784,584.3328247070312,428.6270446777344,0.8428091406822205,592.2446899414062,452.9156799316406,0.22928720712661743
track_0,46,0.27716881036758423,616.7960815429688,448.991943359375,0.56328946352005,576.447265625,372.3047180175781,0.8333998918533325,580.885498046875,308.6702575683594,0.678767204284668
track_0,47,0.24226956069469452,588.953857421875,452.31787109375,0.24174872040748596,576.4617919921875,380.3881530761719,0.894027054309845,580.6640625,321.04071044921875,0.7178716063499451
track_0,48,0.30529433488845825,,,0.0,592.3984375,408.20269775390625,0.8929092884063721,580.6514892578125,340.8154602050781,0.6668062210083008
track_0,49,0.3775552809238434,589.2098999023438,360.6269226074219,0.2140691876411438,600.5455932617188,428.2596740722656,0.8894597291946411,585.0743408203125,368.6842956542969,0.5846064686775208
track_1,49,0.33707740902900696,469.18292236328125,427.926025390625,0.5959935188293457,480.59686279296875,376.3527526855469,0.9877277612686157,485.343994140625,313.1535949707031,0.45072275400161743
track_0,50,0.3435728847980499,,,0.0,608.3103637695312,440.51080322265625,0.9258373379707336,592.02734375,392.47430419921875,0.5445882678031921
track_1,50,0.39294755458831787,469.1502685546875,427.91925048828125,0.5840494632720947,480.543701171875,376.3012390136719,0.9901809692382812,485.14007568359375,313.3230895996094,0.40519726276397705
track_0,51,0.42457497119903564,628.1317138671875,535.9578247070312,0.3686297535896301,616.080810546875,460.3804931640625,0.9644046425819397,628.6204833984375,520.7647705078125,0.6592743396759033
track_1,51,0.4271615445613861,469.3508605957031,428.1072998046875,0.5502450466156006,480.45281982421875,376.3055419921875,0.9769049882888794,485.2239685058594,313.3682861328125,0.3796786963939667
track_0,52,0.48962926864624023,,,0.0,616.0809326171875,472.45892333984375,0.9224252700805664,620.0484619140625,541.0272216796875,0.8557100892066956
track_1,52,0.4510756731033325,472.0296630859375,428.1372375488281,0.5438123941421509,480.46832275390625,376.3215026855469,0.9784157872200012,485.2001647949219,313.37884521484375,0.37951987981796265
track_0,53,0.4957963228225708,600.1236572265625,569.3865966796875,0.2864843010902405,616.0676879882812,483.99456787109375,0.8907249569892883,607.808349609375,560.4931030273438,0.8008196353912354
track_1,53,0.45905226469039917,472.197265625,428.30242919921875,0.5360229015350342,480.4903564453125,376.3193359375,0.9842461347579956,485.17999267578125,313.3804931640625,0.371391624212265
track_0,54,0.48071596026420593,,,0.0,612.3369750976562,484.1381530761719,0.8476161956787109,604.8046875,569.1219482421875,0.780221700668335
track_1,54,0.4733952283859253,471.692138671875,428.3082275390625,0.5396080017089844,484.08099365234375,376.26324462890625,0.9805062413215637,484.63458251953125,313.2546691894531,0.43124452233314514
track_0,55,0.4647897183895111,,,0.0,612.0286865234375,488.1337585449219,0.8533234596252441,600.306396484375,574.6792602539062,0.5442781448364258
track_1,55,0.4746740162372589,472.31817626953125,428.136474609375,0.6185365915298462,484.05242919921875,376.2842102050781,0.998115599155426,484.6207275390625,313.3354187011719,0.4580431580543518
track_0,56,0.4287760257720947,596.4922485351562,576.3787231445312,0.45053213834762573,611.9512939453125,492.1707763671875,0.8723183274269104,627.77685546875,420.9395751953125,0.2506682872772217
track_1,56,0.47712329030036926,472.7546081542969,425.1585998535156,0.6698357462882996,484.1090087890625,376.2628173828125,0.9968443512916565,484.63531494140625,313.3063049316406,0.4463214874267578
track_0,57,0.4071956276893616,608.6234130859375,578.8543701171875,0.5596830248832703,612.1328735351562,492.3009033203125,0.9009006023406982,624.4102783203125,420.9085998535156,0.23950393497943878
track_1,57,0.4782429039478302,473.0710754394531,425.2294921875,0.7355826497077942,484.14605712890625,376.25848388671875,0.9940568804740906,484.646484375,313.3035888671875,0.444243848323822
track_0,58,0.39022842049598694,616.3638305664062,575.063720703125,0.4222376048564911,616.1318359375,488.1186218261719,0.9213985800743103,,,0.0
track_1,58,0.4777918756008148,476.20654296875,428.1036376953125,0.7113237977027893,484.19610595703125,376.27520751953125,0.9916555881500244,484.6708984375,313.306640625,0.4426807165145874
track_0,59,0.3770841956138611,,,0.0,616.372802734375,484.1045227050781,0.8691937327384949,620.6259155273438,564.4788818359375,0.5436184406280518
track_1,59,0.48737064003944397,476.69964599609375,424.69573974609375,0.8389056921005249,484.25714111328125,376.330322265625,0.999859631061554,484.7298889160156,313.4180908203125,0.4624640643596649
track_0,60,0.37831348180770874,,,0.0,616.2848510742188,488.143798828125,0.9132527112960815,624.3524169921875,568.5846557617188,0.555549681186676
track_1,60,0.49184972047805786,476.9490661621094,424.6906433105469,0.9060917496681213,484.2822570800781,376.3139343261719,0.9990832209587097,484.77545166015625,313.4457702636719,0.46998342871665955
track_0,61,0.3782775402069092,,,0.0,612.4808349609375,492.0970458984375,0.9289594292640686,621.0975341796875,413.33795166015625,0.6488076448440552
track_1,61,0.49217358231544495,477.16552734375,424.8105773925781,0.866037905216217,484.2802429199219,376.32916259765625,0.9970353841781616,484.8291015625,313.49127197265625,0.46899399161338806
track_0,62,0.39644911885261536,,,0.0,612.144287109375,492.2713623046875,0.9226093888282776,623.97607421875,416.7614440917969,0.7311710715293884
track_1,62,0.4916311800479889,480.3804626464844,424.77545166015625,0.8481935262680054,484.2821960449219,376.3333740234375,0.9970118403434753,484.8651428222656,313.5148620605469,0.4698637127876282
track_0,63,0.40186044573783875,,,0.0,612.1162109375,492.31494140625,0.8927629590034485,624.1806030273438,417.2015686035156,0.8331708908081055
track_1,63,0.4911574423313141,480.3824768066406,424.7897033691406,0.8348034620285034,484.2770690917969,376.3526916503906,0.9969063401222229,484.9041748046875,313.5585021972656,0.4699389636516571
track_0,64,0.4042071998119354,,,0.0,612.18505859375,492.4281921386719,0.8884197473526001,620.7150268554688,417.36383056640625,0.8646342754364014
track_1,64,0.4914822578430176,480.3807678222656,424.7953796386719,0.8430553078651428,484.28271484375,376.3802795410156,0.9959163665771484,484.9284973144531,313.5985107421875,0.4730321168899536
track_0,65,0.39065253734588623,,,0.0,612.4461669921875,496.25201416015625,0.9007653594017029,620.4692993164062,420.9691162109375,0.8835378289222717
track_1,65,0.4925960302352905,480.36083984375,427.9954833984375,0.8309460878372192,484.2698974609375,376.4144592285156,0.9925746917724609,484.9295959472656,313.6264953613281,0.47617796063423157
track_0,66,0.39157819747924805,,,0.0,616.083984375,500.38775634765625,0.8846102356910706,616.7831420898438,425.0965576171875,0.8867818713188171
track_1,66,0.49595069885253906,480.3378601074219,427.6734619140625,0.7421530485153198,484.317626953125,380.0759582519531,1.0061253309249878,485.01885986328125,315.94537353515625,0.5440312027931213
track_0,67,0.4026695489883423,,,0.0,616.1627807617188,508.22442626953125,0.8849211931228638,616.5929565429688,432.6207275390625,0.8310019969940186
track_1,67,0.49734073877334595,480.37017822265625,427.7955017089844,0.7434192299842834,484.2940673828125,380.08880615234375,1.0053824186325073,485.0273742675781,316.0046691894531,0.5622366070747375
track_0,68,0.4172995984554291,671.3588256835938,604.670166015625,0.20641379058361053,616.1647338867188,516.1450805664062,0.8985352516174316,616.029296875,440.9671936035156,0.7502967119216919
track_1,68,0.499868243932724,480.4189453125,427.8502197265625,0.762887716293335,484.2727355957031,380.1032409667969,1.0059980154037476,485.0113525390625,316.058349609375,0.5805220007896423
track_0,69,0.41684582829475403,676.4009399414062,606.9290771484375,0.2766396999359131,616.1761474609375,520.2691650390625,0.9381405115127563,612.1284790039062,448.8457336425781,0.6291331052780151
track_1,69,0.5011051893234253,480.4408264160156,427.97344970703125,0.7573400139808655,484.24041748046875,380.14068603515625,1.003373384475708,485.01519775390625,316.11651611328125,0.5922619700431824
track_0,70,0.42159774899482727,688.2632446289062,612.6986083984375,0.42826518416404724,616.5768432617188,528.0789794921875,0.9667240977287292,612.5845336914062,460.532470703125,0.3737756907939911
track_1,70,0.5036935210227966,480.4483947753906,427.9993896484375,0.7861769199371338,484.2073974609375,380.17022705078125,1.0017156600952148,484.9944763183594,316.15606689453125,0.6049705147743225
track_0,71,0.4204621911048889,692.9535522460938,612.1638793945312,0.5348394513130188,620.6446533203125,532.1871337890625,0.9857819676399231,576.3024291992188,484.955078125,0.3351818025112152
track_1,71,0.49557170271873474,480.49072265625,428.0983581542969,0.7886061072349548,484.17132568359375,380.16668701171875,0.9997063279151917,484.9596862792969,316.1944274902344,0.6272018551826477
track_0,72,0.40906378626823425,700.3563842773438,616.5363159179688,0.5078508853912354,628.3348999023438,540.2092895507812,0.9876474142074585,576.450927734375,495.99847412109375,0.4743095338344574
track_1,72,0.488826185464859,480.5360107421875,428.08270263671875,0.8040939569473267,484.12908935546875,380.18133544921875,1.007100224494934,484.9043273925781,316.2265319824219,0.6492937803268433
track_0,73,0.4060996174812317,704.0919189453125,624.7484130859375,0.5052098631858826,632.4359130859375,552.0445556640625,0.9885771870613098,580.8748168945312,504.6847839355469,0.3249238133430481
track_1,73,0.4892876148223877,480.6183166503906,428.295166015625,0.8133662343025208,484.09197998046875,380.1895751953125,1.0152047872543335,484.8699951171875,316.25592041015625,0.6522828936576843
track_0,74,0.4177272617816925,704.5941772460938,628.6680908203125,0.453660249710083,632.546142578125,556.2877807617188,0.9830473065376282,609.1096801757812,493.06890869140625,0.4192354679107666
track_1,74,0.4876896142959595,480.58233642578125,428.35333251953125,0.8252294063568115,484.0788879394531,380.19805908203125,1.0161792039871216,484.8616027832031,316.2849426269531,0.6565711498260498
track_0,75,0.44128575921058655,708.0337524414062,640.6011962890625,0.521946370601654,636.3717041015625,568.1984252929688,0.9921935200691223,600.9302368164062,504.2680358886719,0.6914479732513428
track_1,75,0.4839361608028412,480.5486145019531,428.36724853515625,0.8036189675331116,484.06060791015625,380.18841552734375,1.0054221153259277,484.8646545410156,316.2980041503906,0.6477329134941101
track_0,76,0.4565691351890564,704.2138061523438,636.7613525390625,0.4735906720161438,632.5564575195312,568.4500732421875,0.9958184957504272,596.8582763671875,508.5387268066406,0.7128455638885498
track_1,76,0.47772884368896484,480.54473876953125,428.307861328125,0.8682270050048828,484.05145263671875,380.3204345703125,0.9993224143981934,488.05224609375,316.94537353515625,0.909331738948822
track_0,77,0.462282657623291,700.86767578125,641.1539306640625,0.5304805040359497,632.530029296875,572.3505249023438,1.001617431640625,596.30908203125,511.9156799316406,0.7309057712554932
track_1,77,0.45708975195884705,492.69580078125,324.56085205078125,0.8639686107635498,480.54388427734375,380.816650390625,1.028583288192749,480.41729736328125,315.5788879394531,0.20268972218036652
track_0,78,0.4684928059577942,696.891845703125,641.3801879882812,0.2477540522813797,632.4804077148438,572.4974365234375,1.0111113786697388,596.4256591796875,512.2653198242188,0.7310225367546082
track_1,78,0.4483059048652649,484.4228820800781,424.4355163574219,0.8062401413917542,480.4405517578125,384.7769470214844,1.006303071975708,496.47882080078125,404.9002685546875,0.38128867745399475
track_0,79,0.46837836503982544,,,0.0,632.5274658203125,572.577880859375,1.0025163888931274,596.7229614257812,512.3749389648438,0.7260574698448181
track_1,79,0.44325825572013855,484.2712097167969,424.7018127441406,0.7234897017478943,480.47479248046875,384.72314453125,1.0145483016967773,496.46038818359375,407.9259033203125,0.3574325144290924
track_0,80,0.4713439643383026,691.933837890625,648.631591796875,0.562379002571106,636.2774658203125,576.4683227539062,1.0126150846481323,599.9285278320312,512.623291015625,0.7752574682235718
track_1,80,0.43921443819999695,484.29840087890625,424.689208984375,0.7384035587310791,480.4877624511719,384.79156494140625,1.0294560194015503,496.0029296875,405.4813232421875,0.33881351351737976
track_0,81,0.473527729511261,688.7361450195312,648.8364868164062,0.5267983675003052,636.309326171875,576.528564453125,1.0074418783187866,600.3341064453125,512.7461547851562,0.763343870639801
track_1,81,0.4407174289226532,484.41412353515625,424.5344543457031,0.795583963394165,480.40087890625,384.769287109375,1.0226832628250122,496.20196533203125,405.1929931640625,0.32611018419265747
track_0,82,0.47071048617362976,689.0546264648438,652.4544067382812,0.521445631980896,636.4793701171875,580.26171875,0.9928914308547974,600.9205322265625,515.8748168945312,0.7726452350616455
track_1,82,0.45242276787757874,484.37359619140625,424.54803466796875,0.78777676820755,480.3525695800781,384.65985107421875,1.0527247190475464,485.147216796875,320.1102294921875,0.24304147064685822
track_0,83,0.46918168663978577,692.1338500976562,649.1337890625,0.3410196304321289,636.5633544921875,580.3199462890625,0.9958224296569824,601.1094360351562,516.2808837890625,0.7641733884811401
track_1,83,0.46204274892807007,484.3421936035156,424.5892639160156,0.7681374549865723,480.4085388183594,384.49072265625,1.056473970413208,481.4445495605469,319.5316162109375,0.20698411762714386
track_0,84,0.46678730845451355,696.5258178710938,656.5490112304688,0.36037328839302063,640.371826171875,584.2381591796875,1.0179111957550049,600.8606567382812,516.7307739257812,0.7807249426841736
track_1,84,0.46342310309410095,484.36309814453125,424.57830810546875,0.7887909412384033,480.4289245605469,384.3846740722656,1.0504786968231201,481.1091613769531,316.5742492675781,0.3745885491371155
track_0,85,0.4605987071990967,,,0.0,640.54248046875,584.2516479492188,1.0157818794250488,604.300537109375,520.01708984375,0.767096996307373
track_1,85,0.46275174617767334,481.12969970703125,428.47271728515625,0.8690712451934814,480.4222717285156,380.75921630859375,1.044878363609314,484.7666015625,316.6170349121094,0.2612801194190979
track_0,86,0.4588380455970764,,,0.0,644.3616333007812,584.5233154296875,1.0322672128677368,604.3358154296875,524.2269287109375,0.6960484385490417
track_1,86,0.4607914984226227,484.4436950683594,424.57659912109375,0.8024556040763855,480.40948486328125,384.51751708984375,1.0439887046813965,489.01806640625,319.950927734375,0.31246572732925415
track_0,87,0.4644223749637604,713.1964721679688,653.0400390625,0.3914123773574829,644.557373046875,584.504638671875,1.032125473022461,604.8255615234375,524.5338134765625,0.6736801862716675
track_1,87,0.45681193470954895,484.45086669921875,424.60308837890625,0.8097496032714844,480.4222412109375,384.627197265625,1.034862756729126,492.275146484375,319.958740234375,0.2830182909965515
track_0,88,0.4676712155342102,720.6507568359375,652.2379150390625,0.5104953050613403,648.3786010742188,588.390380859375,1.0425416231155396,604.49658203125,524.8792724609375,0.6873077750205994
track_1,88,0.454733282327652,484.4395751953125,424.6587829589844,0.8146448135375977,480.4205017089844,384.63671875,1.0286927223205566,495.6968688964844,405.23797607421875,0.26710447669029236
track_0,89,0.47021451592445374,730.6834716796875,641.1056518554688,0.24732881784439087,644.5725708007812,584.4119873046875,0.9921420812606812,600.9277954101562,528.488037109375,0.6406344175338745
track_1,89,0.4555220305919647,484.4169921875,424.702392578125,0.8162553310394287,480.3899841308594,384.6383056640625,1.0153576135635376,495.79290771484375,405.25860595703125,0.2779898941516876
track_0,90,0.47118648886680603,731.19482421875,628.335205078125,0.35183000564575195,644.4237060546875,584.24560546875,0.9919859170913696,596.8511352539062,531.92431640625,0.6782092452049255
track_1,90,0.4428451359272003,484.39483642578125,424.6036682128906,0.9114342331886292,480.2828063964844,384.27935791015625,0.9715922474861145,492.17681884765625,315.93072509765625,0.21993201971054077
track_0,91,0.4626850187778473,726.9833984375,612.6589965820312,0.5353870987892151,640.4706420898438,580.3025512695312,0.9994651675224304,596.3175659179688,529.0759887695312,0.6082053780555725
track_1,91,0.33597344160079956,484.25958251953125,424.2853698730469,0.9540777206420898,480.15557861328125,384.888427734375,0.9056087136268616,488.4974060058594,316.7115173339844,0.6341849565505981
track_0,92,0.45757031440734863,729.1220092773438,608.24951171875,0.31677067279815674,640.450439453125,580.2703857421875,1.000828742980957,592.88330078125,532.2572021484375,0.584811270236969
track_1,92,0.2744600772857666,484.01080322265625,425.17852783203125,1.0162845849990845,484.3197326660156,368.5468444824219,0.975614070892334,484.9388427734375,316.3832702636719,0.6776766180992126
track_0,93,0.45580151677131653,,,0.0,640.5260009765625,580.237060546875,0.9775039553642273,724.4443969726562,604.9229736328125,0.6804630160331726
track_1,93,0.32584497332572937,480.9417419433594,431.8050842285156,0.7531487941741943,484.428955078125,372.2469482421875,1.037184715270996,485.02276611328125,316.05755615234375,0.6174238324165344
track_0,94,0.44931647181510925,,,0.0,644.2503662109375,580.28857421875,0.9868755340576172,728.4495239257812,600.9636840820312,0.7850544452667236
track_1,94,0.3837946951389313,491.48809814453125,424.0447998046875,0.3871462643146515,484.1490783691406,376.2801208496094,1.025866985321045,488.17559814453125,316.6661071777344,0.6715757846832275
track_0,95,0.440588116645813,,,0.0,644.38134765625,580.2805786132812,0.9771457314491272,730.826904296875,600.427001953125,0.6603925228118896
track_1,95,0.4290660321712494,487.75494384765625,428.1795654296875,0.6527907848358154,483.9757080078125,376.38555908203125,1.0036404132843018,488.120361328125,316.79278564453125,0.6729670166969299
track_0,96,0.4298188090324402,,,0.0,644.4874267578125,580.4402465820312,0.9541205763816833,589.2664794921875,536.7977294921875,0.4860922694206238
track_1,96,0.4538189768791199,480.68902587890625,429.00396728515625,0.6836912035942078,483.975341796875,380.26568603515625,0.9845465421676636,484.8406982421875,316.5381164550781,0.7034839391708374
track_0,97,0.4327244162559509,,,0.0,648.312744140625,584.3130493164062,0.9644880294799805,592.0396118164062,540.48486328125,0.5298668146133423
track_1,97,0.4618908166885376,481.384765625,431.8916931152344,0.7917395234107971,480.5051574707031,380.2645263671875,0.9873570203781128,485.4519958496094,316.4200744628906,0.6723383665084839
track_0,98,0.43282023072242737,,,0.0,652.2752685546875,588.2669677734375,0.9614145755767822,592.505126953125,544.7274169921875,0.5308244228363037
track_1,98,0.46711596846580505,481.2568359375,431.97076416015625,0.8367745876312256,480.45843505859375,380.3194885253906,0.9834761619567871,485.4226379394531,316.4593200683594,0.6742849349975586
track_0,99,0.43139058351516724,,,0.0,656.3349609375,592.2564697265625,0.9532628059387207,596.6569213867188,548.6906127929688,0.5572977662086487
track_1,99,0.46481746435165405,481.1960754394531,432.0210876464844,0.8606771230697632,480.43310546875,380.3607177734375,0.9819002747535706,485.4115905761719,316.486328125,0.6746142506599426
track_0,100,0.42872071266174316,,,0.0,660.4005737304688,596.3097534179688,0.9192509651184082,600.8079223632812,552.9017944335938,0.5556605458259583
track_1,100,0.4608438313007355,481.2159118652344,432.06036376953125,0.8478838205337524,480.43963623046875,380.36212158203125,0.9894866943359375,485.41510009765625,316.49285888671875,0.674331545829773
track_0,101,0.42758041620254517,,,0.0,664.374267578125,600.15185546875,0.9046568870544434,604.9725341796875,556.5823974609375,0.5623976588249207
track_1,101,0.45907115936279297,481.2123718261719,432.0643005371094,0.8503363728523254,480.44256591796875,380.3656921386719,0.9901962876319885,488.5344543457031,316.743896484375,0.6730986833572388
track_0,102,0.4371510148048401,,,0.0,668.399658203125,600.133056640625,0.9204166531562805,608.9898681640625,560.172607421875,0.5446853637695312
track_1,102,0.45862701535224915,481.20599365234375,432.0657653808594,0.8484483957290649,480.443603515625,380.37127685546875,0.9903149604797363,488.5332336425781,316.75250244140625,0.6733253598213196
track_0,103,0.4383946359157562,,,0.0,672.53271484375,596.3023071289062,0.9226587414741516,616.2840576171875,560.3963623046875,0.5238265991210938
track_1,103,0.4594021141529083,481.06256103515625,432.10162353515625,0.8876862525939941,480.4439697265625,380.3826904296875,0.9895743727684021,488.53460693359375,316.76910400390625,0.6728925108909607
track_0,104,0.42884284257888794,,,0.0,680.35595703125,596.307861328125,0.9408835768699646,767.1924438476562,616.7913818359375,0.429828017950058
track_1,104,0.46000775694847107,481.03802490234375,432.1824645996094,0.890446126461029,480.4456481933594,380.39642333984375,0.9882103204727173,488.53192138671875,316.779052734375,0.673378050327301
track_0,105,0.41513514518737793,,,0.0,684.4198608398438,596.4989624023438,0.9548566937446594,771.1038208007812,620.7301635742188,0.4848446249961853
track_1,105,0.4614511728286743,481.0562744140625,432.23333740234375,0.8863641619682312,480.4429931640625,380.4179382324219,0.9876669645309448,488.52978515625,316.7942199707031,0.6742454171180725
track_0,106,0.40176358819007874,,,0.0,692.2461547851562,600.3677368164062,0.955129861831665,617.1842041015625,612.6701049804688,0.5173606872558594
track_1,106,0.4617025554180145,481.03912353515625,432.223388671875,0.8875390291213989,480.44134521484375,380.4167785644531,0.9870772957801819,488.52618408203125,316.79339599609375,0.6757360100746155
track_0,107,0.3792089819908142,,,0.0,700.30029296875,604.3807373046875,0.951376736164093,787.357421875,620.7979736328125,0.46152448654174805
track_1,107,0.4628501236438751,481.0138244628906,432.19964599609375,0.8930675387382507,480.43310546875,380.4271545410156,0.9864341616630554,488.5281677246094,316.79827880859375,0.6760832667350769
track_0,108,0.3735133111476898,,,0.0,708.3279418945312,608.4324951171875,0.9308496713638306,636.241455078125,620.4337158203125,0.49007126688957214
track_1,108,0.462394118309021,481.0210876464844,432.22100830078125,0.8952599763870239,480.43780517578125,380.42987060546875,0.9865454435348511,488.5295104980469,316.79766845703125,0.6760181784629822
track_0,109,0.37578287720680237,,,0.0,716.440185546875,612.3087158203125,0.9483117461204529,803.5625610351562,628.253662109375,0.4278515875339508
track_1,109,0.4612409770488739,481.03021240234375,432.2607421875,0.8881688714027405,480.4436340332031,380.4285583496094,0.9866839647293091,488.53021240234375,316.7930603027344,0.6765393614768982
track_0,110,0.3992200493812561,,,0.0,728.3919677734375,616.1532592773438,0.954322338104248,652.1959838867188,591.9694213867188,0.5462092757225037
track_1,110,0.46087074279785156,481.03662109375,432.2601013183594,0.8946609497070312,480.446044921875,380.43365478515625,0.9867907762527466,488.53082275390625,316.79583740234375,0.6758894920349121
track_0,111,0.42298921942710876,,,0.0,736.4564819335938,616.3717041015625,0.974275529384613,656.9359741210938,596.4136962890625,0.6257362365722656
track_1,111,0.4592554569244385,481.1115417480469,432.2120056152344,0.8721296787261963,480.4520263671875,380.415283203125,0.9874255657196045,485.4066162109375,316.53509521484375,0.6759418249130249
track_0,112,0.45768553018569946,,,0.0,744.5271606445312,616.427978515625,0.9654766917228699,668.6292724609375,600.2119140625,0.6190275549888611
track_1,112,0.45735833048820496,481.20538330078125,432.1202697753906,0.8507938981056213,480.4597473144531,380.40008544921875,0.9878412485122681,485.40240478515625,316.5200500488281,0.6773791909217834
track_0,113,0.467314749956131,,,0.0,752.4743041992188,616.28515625,0.9652732610702515,672.9579467773438,600.7423706054688,0.785841166973114
track_1,113,0.45717111229896545,481.20135498046875,432.1189880371094,0.8470475673675537,480.4603576660156,380.40045166015625,0.9881311655044556,485.408935546875,316.5215759277344,0.6780044436454773
track_0,114,0.4740329682826996,,,0.0,760.4874877929688,612.4902954101562,0.9767307043075562,680.96728515625,604.5535888671875,0.6866627335548401
track_1,114,0.4573496878147125,481.20184326171875,432.0924072265625,0.8454910516738892,480.4654846191406,380.4025573730469,0.9880377650260925,485.4248352050781,316.519775390625,0.6762991547584534
track_0,115,0.4701665937900543,,,0.0,768.3889770507812,608.6053466796875,0.9958950281143188,692.5663452148438,613.15673828125,0.5318679809570312
track_1,115,0.4570653438568115,481.217041015625,432.1112060546875,0.8414584398269653,480.4704284667969,380.4087829589844,0.9876334071159363,485.43206787109375,316.52899169921875,0.676707923412323
track_0,116,0.4787229597568512,863.8822021484375,553.1400146484375,0.20450952649116516,776.427734375,608.380615234375,0.942270040512085,720.3463134765625,632.5675048828125,0.8316998481750488
track_1,116,0.45738300681114197,481.234130859375,432.1357727050781,0.8413021564483643,480.4720764160156,380.4151611328125,0.9873019456863403,485.43267822265625,316.5379638671875,0.6771926879882812
track_0,117,0.49365466833114624,,,0.0,784.28271484375,608.188232421875,0.9403772950172424,725.0609741210938,635.928955078125,0.9932100772857666
track_1,117,0.4566401243209839,481.24462890625,432.18829345703125,0.8394723534584045,480.4744567871094,380.41815185546875,0.9870789647102356,485.4386901855469,316.5470886230469,0.675815761089325
track_0,118,0.5124064683914185,879.83349609375,544.5048828125,0.4230155050754547,792.2616577148438,608.603515625,0.970417320728302,732.5684814453125,640.3106689453125,1.043555498123169
track_1,118,0.4568061828613281,481.2529296875,432.2130126953125,0.8450243473052979,480.47747802734375,380.4217224121094,0.986851155757904,488.54730224609375,316.79827880859375,0.6778940558433533
track_0,119,0.5213218331336975,868.6318969726562,541.3761596679688,0.25290289521217346,796.2598876953125,612.642822265625,0.9794309139251709,736.5459594726562,644.4509887695312,1.0819236040115356
track_1,119,0.45675182342529297,481.2749328613281,432.2216796875,0.8581528663635254,480.4738464355469,380.425048828125,0.9861955642700195,488.55511474609375,316.8046875,0.6781980395317078
track_0,120,0.5241860747337341,865.4677124023438,544.4590454101562,0.21369454264640808,796.326171875,616.5172119140625,0.9611309766769409,740.1882934570312,648.0047607421875,1.037703037261963
track_1,120,0.4572725296020508,481.2240905761719,432.2034606933594,0.8503751754760742,480.471923828125,380.4269714355469,0.9864489436149597,488.5613098144531,316.8104553222656,0.6801608204841614
track_0,121,0.2859586179256439,916.331298828125,492.9737854003906,0.8782793879508972,860.2344970703125,579.9912719726562,0.9324812293052673,770.892333984375,652.3790893554688,0.2545809745788574
track_1,121,0.45546451210975647,481.20098876953125,432.1880187988281,0.8426027894020081,480.470947265625,380.4254455566406,0.9861465096473694,488.55963134765625,316.8006591796875,0.6793977618217468
track_0,122,0.2935490012168884,913.478271484375,492.0007019042969,0.8348120450973511,860.542724609375,572.117431640625,0.9524485468864441,771.598388671875,648.9086303710938,0.24478015303611755
track_1,122,0.45545724034309387,481.1900634765625,432.1524658203125,0.8459548354148865,480.4716491699219,380.421875,0.98573899269104,488.5606384277344,316.79473876953125,0.6783043146133423
track_0,123,0.28383755683898926,916.1022338867188,477.108642578125,0.8217913508415222,864.2744750976562,564.062255859375,0.9647049307823181,,,0.0
track_1,123,0.45544296503067017,481.1659240722656,432.1251220703125,0.8436672687530518,480.47088623046875,380.41839599609375,0.9862564206123352,488.5614013671875,316.7846374511719,0.6732582449913025
track_0,124,0.27691805362701416,913.1025390625,468.9834899902344,0.8063820600509644,864.5296630859375,556.2677001953125,0.9514331817626953,,,0.0
track_1,124,0.4553612470626831,481.148193359375,432.07073974609375,0.8494639992713928,480.4661865234375,380.40972900390625,0.9870133399963379,488.5530700683594,316.7810363769531,0.6736721992492676
track_0,125,0.28247883915901184,919.8328247070312,464.853271484375,0.7352597117424011,864.5845336914062,552.2364501953125,0.9428039789199829,,,0.0
track_1,125,0.4567432701587677,481.1477966308594,432.16949462890625,0.8595414757728577,480.45904541015625,380.4140625,0.9873760938644409,485.41485595703125,316.5245361328125,0.6682645678520203
track_0,126,0.28226563334465027,916.9307250976562,460.0298156738281,0.7753008604049683,868.4403076171875,540.3490600585938,0.9614737629890442,,,0.0
track_1,126,0.45608630776405334,481.1505126953125,432.18878173828125,0.8559176325798035,480.4575500488281,380.4164733886719,0.9869541525840759,485.420166015625,316.5367431640625,0.6713420748710632
track_0,127,0.2827487587928772,919.8207397460938,449.1193542480469,0.7228184938430786,868.287353515625,536.2683715820312,0.9707651138305664,,,0.0
track_1,127,0.4564834535121918,481.1558532714844,432.19451904296875,0.8487598299980164,480.456298828125,380.4280700683594,0.9863672256469727,485.4214172363281,316.5532531738281,0.6740175485610962
track_0,128,0.2936158776283264,920.176025390625,448.6856689453125,0.6649074554443359,864.5413208007812,536.1957397460938,0.9554958939552307,,,0.0
track_1,128,0.4544454514980316,481.16156005859375,432.2529296875,0.8488749265670776,480.4642333984375,380.4327087402344,0.9860991835594177,485.4344787597656,316.5657653808594,0.6753075122833252
track_0,129,0.298035591840744,920.2392578125,444.9979248046875,0.7216478586196899,868.3438720703125,524.3960571289062,1.0048601627349854,,,0.0
track_1,129,0.4541356563568115,481.1806640625,432.22137451171875,0.8560857772827148,480.4698486328125,380.4253845214844,0.9861071705818176,488.5455322265625,316.8069763183594,0.6757128238677979
track_0,130,0.2947004735469818,919.8754272460938,436.6120300292969,0.6953637599945068,868.4005126953125,520.2915649414062,1.026652216911316,780.5341796875,604.3355712890625,0.23752175271511078
track_1,130,0.4529883861541748,481.1938781738281,432.2186279296875,0.8676784038543701,480.4757385253906,380.4154357910156,0.9865026473999023,488.5531005859375,316.8094787597656,0.6773826479911804
track_0,131,0.2850794196128845,920.1334228515625,432.1807861328125,0.5874063968658447,868.29638671875,520.2044067382812,1.015823245048523,780.6769409179688,592.9613037109375,0.3650435209274292
track_1,131,0.4537101686000824,481.2065124511719,432.1810302734375,0.8799004554748535,480.47882080078125,380.4172668457031,0.986488938331604,488.5543212890625,316.8210144042969,0.6801432371139526
track_0,132,0.5101763010025024,748.1721801757812,572.529296875,0.5043071508407593,836.2070922851562,564.6207885742188,0.9928880929946899,760.0598754882812,580.1613159179688,0.5174469351768494
track_1,132,0.4531850516796112,481.20465087890625,432.1744384765625,0.8826320767402649,480.47772216796875,380.394775390625,0.9880849719047546,488.5371398925781,316.82550048828125,0.6825274229049683
track_0,133,0.49456316232681274,752.0822143554688,572.3328857421875,0.4740040898323059,840.0921020507812,556.3660278320312,0.9796667695045471,856.607421875,628.1599731445312,0.5670461058616638
track_1,133,0.4526028037071228,481.2054138183594,432.1717529296875,0.8826150298118591,480.47772216796875,380.3775634765625,0.9904245138168335,488.51800537109375,316.83831787109375,0.6850100755691528
track_0,134,0.47925686836242676,757.1099853515625,572.6448364257812,0.5893961787223816,844.2467651367188,544.5992431640625,0.9666115641593933,856.81884765625,621.00927734375,0.7888289093971252
track_1,134,0.4524165093898773,481.2003173828125,432.1448974609375,0.8857072591781616,480.4808654785156,380.3516540527344,0.9918097853660583,488.49603271484375,316.8369445800781,0.6894351243972778
track_0,135,0.476881206035614,764.919921875,572.5940551757812,0.6936057209968567,848.0726318359375,536.4949340820312,0.968377947807312,856.9299926757812,616.4588012695312,0.8688639998435974
track_1,135,0.4515817165374756,481.19720458984375,432.17919921875,0.8762897253036499,480.48248291015625,380.3443908691406,0.992655336856842,485.38690185546875,316.5940246582031,0.688991904258728
track_0,136,0.464250385761261,860.5726928710938,613.4220581054688,0.34956085681915283,848.211669921875,528.5971069335938,0.9087966680526733,796.4810180664062,565.0953369140625,0.9094808101654053
track_1,136,0.4514467716217041,481.1942443847656,432.1657409667969,0.8719394207000732,480.4845886230469,380.3421936035156,0.9922985434532166,485.3817138671875,316.59326171875,0.692771315574646
track_0,137,0.3887902498245239,863.8427124023438,376.02276611328125,0.5744113922119141,868.2435913085938,464.400390625,0.9637778997421265,855.9357299804688,551.68310546875,0.2388254553079605
track_1,137,0.4514278173446655,481.1841125488281,432.13446044921875,0.8577077984809875,480.4847412109375,380.3312683105469,0.9919551014900208,485.34429931640625,316.56695556640625,0.6937850713729858
track_0,138,0.4794197380542755,,,0.0,863.9536743164062,472.30499267578125,0.8414424061775208,836.6063842773438,549.1780395507812,0.6799783110618591
track_1,138,0.4520756006240845,481.1918029785156,432.093017578125,0.8589980006217957,480.488037109375,380.33544921875,0.9908832907676697,485.36578369140625,316.5819396972656,0.6949021816253662
track_0,139,0.5332474112510681,864.6653442382812,363.7286682128906,0.4424431025981903,868.1742553710938,452.4671325683594,0.9886350035667419,852.7368774414062,528.799072265625,0.8561493158340454
track_1,139,0.4519554078578949,481.19940185546875,432.1090087890625,0.854932963848114,480.4898986816406,380.3398742675781,0.9914023876190186,485.3695373535156,316.5877990722656,0.6948280334472656
track_0,140,0.5579516291618347,920.4573974609375,348.2881774902344,0.4842037558555603,868.6425170898438,436.39208984375,1.0064935684204102,864.7935791015625,508.82171630859375,0.9636831879615784
track_1,140,0.4526093304157257,481.2166748046875,432.10064697265625,0.8580309748649597,480.4930725097656,380.34197998046875,0.9912961721420288,485.3595275878906,316.596435546875,0.6986863613128662
track_0,141,0.5694769024848938,920.0216064453125,341.0856018066406,0.6054898500442505,868.5969848632812,428.60003662109375,1.012563943862915,868.5491943359375,500.5061950683594,0.5346333980560303
track_1,141,0.4532286822795868,481.2379150390625,432.076171875,0.8548491597175598,480.5032958984375,380.33758544921875,0.9911023378372192,485.3636474609375,316.59698486328125,0.6979859471321106
track_0,142,0.5699307322502136,912.9283447265625,336.79852294921875,0.6228654384613037,868.5781860351562,424.671142578125,1.0051571130752563,864.4843139648438,496.89013671875,0.638130784034729
track_1,142,0.4545522630214691,481.23699951171875,432.04376220703125,0.8626541495323181,480.50726318359375,380.33074951171875,0.9918518662452698,485.35113525390625,316.59698486328125,0.6995346546173096
track_0,143,0.5646438598632812,919.889892578125,332.7536926269531,0.6511374711990356,872.1473388671875,420.42242431640625,1.002522349357605,871.8441162109375,492.94091796875,0.52921062707901
track_1,143,0.4534928798675537,481.2880554199219,432.19354248046875,0.8521350026130676,480.5203857421875,380.3465576171875,0.9903101921081543,485.3590393066406,316.5895690917969,0.6951484680175781
track_0,144,0.5598846077919006,919.9586181640625,328.8533020019531,0.6914364695549011,872.2337646484375,416.3381652832031,1.0145663022994995,875.9237670898438,491.857177734375,0.6853432655334473
track_1,144,0.4541741907596588,481.3314208984375,432.2735595703125,0.8482585549354553,480.53179931640625,380.355712890625,0.989069938659668,485.3549499511719,316.5842590332031,0.6917636394500732
track_0,145,0.5626325011253357,923.721435546875,324.7401123046875,0.693871796131134,872.3928833007812,412.37646484375,1.034936547279358,876.1273193359375,487.95111083984375,0.7125996947288513
track_1,145,0.4528821110725403,481.36944580078125,432.29547119140625,0.8366400599479675,480.53900146484375,380.35174560546875,0.9885387420654297,485.348388671875,316.5807189941406,0.6936006546020508
track_0,146,0.5573754906654358,923.9288940429688,320.5496520996094,0.6179232597351074,872.521484375,408.322265625,1.0563050508499146,876.296875,481.00830078125,0.6788091063499451
track_1,146,0.45276984572410583,481.40325927734375,432.245361328125,0.826784610748291,480.545166015625,380.34808349609375,0.9876338839530945,485.33453369140625,316.5736999511719,0.6941677927970886
track_0,147,0.5529707074165344,924.1953125,312.77423095703125,0.6852254271507263,872.5971069335938,400.52001953125,1.049923300743103,873.2254638671875,476.48736572265625,0.7821870446205139
track_1,147,0.45059362053871155,481.42181396484375,432.28143310546875,0.8273442387580872,480.55224609375,380.3592529296875,0.9865416884422302,485.3619384765625,316.5870056152344,0.6938671469688416
track_0,148,0.5471009016036987,924.4872436523438,308.55780029296875,0.6018899083137512,872.6294555664062,396.43255615234375,1.042647123336792,872.5874633789062,472.223388671875,0.7033380270004272
track_1,148,0.44995349645614624,481.3996887207031,432.3102722167969,0.8440864086151123,480.55438232421875,380.36279296875,0.9863623976707458,485.3753662109375,316.5957946777344,0.693480372428894
track_0,149,0.538744330406189,924.1069946289062,300.4751892089844,0.6288436055183411,876.2779541015625,388.44464111328125,1.0457327365875244,868.8668823242188,464.932861328125,0.7748193740844727
track_1,149,0.449242502450943,481.4250183105469,432.3482666015625,0.8581877946853638,480.56085205078125,380.3653259277344,0.9859588742256165,485.3948669433594,316.6075439453125,0.6935812830924988
track_0,150,0.5380207896232605,920.7567138671875,296.24603271484375,0.6503010392189026,876.3413696289062,384.4158935546875,1.0487003326416016,872.825927734375,464.19317626953125,0.8539040684700012
track_1,150,0.4510389268398285,481.40447998046875,432.34130859375,0.860668420791626,480.56298828125,380.38751220703125,0.9852882623672485,485.4012756347656,316.6279296875,0.6934163570404053
track_0,151,0.5129559636116028,917.1217651367188,288.45733642578125,0.6522892713546753,872.4993286132812,376.53564453125,0.9928339719772339,880.4885864257812,460.2825622558594,0.6611200571060181
track_1,151,0.45032623410224915,484.6244812011719,432.0123596191406,0.7718511819839478,480.5872802734375,384.0679016113281,0.9926081895828247,488.4976501464844,316.84906005859375,0.6410455703735352
track_0,152,0.47970446944236755,920.476806640625,287.39495849609375,0.2518020570278168,872.3125610351562,372.322509765625,0.9735174775123596,876.9329833984375,456.38909912109375,0.5372687578201294
track_1,152,0.45311975479125977,484.59246826171875,432.03515625,0.7724241614341736,480.5733642578125,384.08477783203125,0.9931977987289429,488.502685546875,316.8653564453125,0.6399228572845459
track_0,153,0.4628545939922333,912.7269287109375,276.242431640625,0.35982945561408997,872.02294921875,364.38519287109375,0.9675104022026062,872.1422729492188,450.53271484375,0.48103994131088257
track_1,153,0.45482954382896423,481.2702331542969,432.07000732421875,0.7613136768341064,480.5627136230469,384.09954833984375,0.9923393726348877,488.5038146972656,316.87677001953125,0.6394298672676086
track_0,154,0.4502677321434021,905.2071533203125,271.875,0.3589772582054138,868.4488525390625,360.31414794921875,0.9441742897033691,880.70947265625,446.5274658203125,0.4936065971851349
track_1,154,0.4567796587944031,481.1124267578125,431.93731689453125,0.7814856171607971,480.560302734375,384.0967712402344,0.9934779405593872,488.4904479980469,316.8653869628906,0.6352652907371521
track_0,155,0.4448489546775818,,,0.0,868.5423583984375,356.32989501953125,0.9105014801025391,892.6582641601562,439.8521728515625,0.6050384044647217
track_1,155,0.4576525390148163,480.9253845214844,432.09228515625,0.8279616832733154,480.5531311035156,384.0823974609375,0.9944760203361511,488.452880859375,316.8466491699219,0.6266878843307495
track_0,156,0.47316399216651917,908.4090576171875,251.4803466796875,0.4055105447769165,871.8324584960938,340.31451416015625,0.9216284155845642,876.2518920898438,420.4605407714844,0.6942381858825684
track_1,156,0.45764878392219543,480.72125244140625,432.4688720703125,0.868414580821991,480.4962463378906,380.40118408203125,0.9873163104057312,485.3365478515625,316.6167297363281,0.6817768216133118
track_0,157,0.526202380657196,916.3258056640625,231.9323272705078,0.5094345211982727,868.4548950195312,320.25299072265625,1.025884985923767,877.0106811523438,403.578369140625,0.9445834159851074
track_1,157,0.4583570957183838,480.7292175292969,432.466064453125,0.8558251261711121,480.48162841796875,380.4007873535156,0.9882237315177917,485.34613037109375,316.6190490722656,0.6835996508598328
track_0,158,0.5360402464866638,912.4351196289062,216.71946716308594,0.8065122365951538,868.2886352539062,304.5534362792969,1.0354267358779907,877.002685546875,384.3406982421875,1.0047121047973633
track_1,158,0.4570777714252472,480.7425537109375,432.43402099609375,0.8606327176094055,480.47991943359375,380.4102478027344,0.9887573719024658,485.362060546875,316.63543701171875,0.6851757168769836
track_0,159,0.5373251438140869,911.9196166992188,208.95077514648438,0.7991877198219299,868.0704956054688,296.5224304199219,1.0346120595932007,876.61669921875,376.09375,0.7662772536277771
track_1,159,0.45405498147010803,480.9510498046875,432.5277404785156,0.8433640003204346,480.5104675292969,380.4090576171875,0.9874945282936096,488.5221252441406,316.87786865234375,0.6851062178611755
track_0,160,0.5350974202156067,908.5205078125,204.85317993164062,0.7192569375038147,864.5458374023438,292.5089416503906,1.027536153793335,872.824462890625,368.1942443847656,0.6609707474708557
track_1,160,0.45400184392929077,481.07708740234375,432.39495849609375,0.8417560458183289,480.521240234375,380.39697265625,0.9858703017234802,488.53253173828125,316.88006591796875,0.689397394657135
track_0,161,0.5345875024795532,908.2914428710938,200.8699188232422,0.6859360337257385,864.5391235351562,288.61627197265625,1.0137842893600464,872.671630859375,364.4942626953125,0.6237658262252808
track_1,161,0.45258888602256775,481.15252685546875,432.2645263671875,0.8564230799674988,480.5284423828125,380.3777770996094,0.9880255460739136,488.5650634765625,316.86865234375,0.6938122510910034
track_0,162,0.5325750708580017,901.1295166015625,200.3712158203125,0.6577067971229553,864.55517578125,288.53143310546875,1.0100313425064087,872.1956787109375,360.92828369140625,0.6509361267089844
track_1,162,0.4523569345474243,481.16021728515625,432.270751953125,0.8532750606536865,480.531005859375,380.3802795410156,0.987662136554718,488.58099365234375,316.8761901855469,0.694772481918335
track_0,163,0.5373716950416565,904.48876953125,200.343505859375,0.6642463803291321,864.5047607421875,288.54815673828125,0.9989728331565857,872.27197265625,360.66650390625,0.6942596435546875
track_1,163,0.45093482732772827,481.17327880859375,432.45001220703125,0.8452510833740234,480.53619384765625,380.3843994140625,0.9884105324745178,488.5625305175781,316.86846923828125,0.6891297101974487
track_0,164,0.5433557629585266,904.1929931640625,200.10325622558594,0.620891809463501,864.36865234375,288.5245666503906,0.9967941641807556,872.2990112304688,360.67010498046875,0.7442408800125122
track_1,164,0.4511679410934448,481.17431640625,432.3604736328125,0.8513410687446594,480.5370788574219,380.38055419921875,0.9871861934661865,485.43267822265625,316.6268310546875,0.6883939504623413
track_0,165,0.5430641174316406,900.6852416992188,199.9343719482422,0.6092281937599182,864.3421020507812,288.4923095703125,0.9931113123893738,872.2789916992188,360.7067565917969,0.7349006533622742
track_1,165,0.4508626163005829,481.1600341796875,432.3418273925781,0.8521565794944763,480.53033447265625,380.38092041015625,0.9876686334609985,485.4195556640625,316.6322326660156,0.6888485550880432
track_0,166,0.5421344041824341,900.2840576171875,199.8365020751953,0.5947017669677734,864.2496948242188,288.48388671875,0.9918334484100342,872.2888793945312,360.793212890625,0.7236955761909485
track_1,166,0.4521588385105133,481.1563720703125,432.29278564453125,0.8531898260116577,480.5357666015625,380.37969970703125,0.9860751628875732,485.439453125,316.6280517578125,0.6854919791221619
track_0,167,0.5369293093681335,900.1730346679688,200.3032989501953,0.607758641242981,864.2164306640625,288.53759765625,0.9873214364051819,872.5112915039062,360.88348388671875,0.7323693037033081
track_1,167,0.45110180974006653,481.16949462890625,432.3977966308594,0.8456098437309265,480.5447082519531,380.39154052734375,0.987349808216095,488.6112365722656,316.8833923339844,0.6912635564804077
track_0,168,0.5326887369155884,903.8284912109375,200.7655792236328,0.6069179177284241,864.1968383789062,288.5455017089844,0.9852657914161682,875.7742919921875,361.0826416015625,0.7216432690620422
track_1,168,0.4522015154361725,481.16888427734375,432.3941650390625,0.8418336510658264,480.54669189453125,380.38812255859375,0.9866573214530945,488.5958251953125,316.8713684082031,0.6885516047477722
track_0,169,0.5310741662979126,904.427490234375,200.9440155029297,0.6347348690032959,864.266357421875,288.62982177734375,0.9957059025764465,876.6681518554688,364.07244873046875,0.6639304161071777
track_1,169,0.4521763324737549,481.1162109375,432.405029296875,0.8428857922554016,480.5479431152344,380.4007873535156,0.9866411089897156,488.6161193847656,316.8842468261719,0.6945468187332153
track_0,170,0.5352891087532043,904.4503173828125,201.01760864257812,0.6235275864601135,864.194580078125,288.53619384765625,1.0219229459762573,880.5338745117188,364.8351745605469,0.7178412675857544
track_1,170,0.4531194865703583,481.13214111328125,431.8482971191406,0.7582472562789917,480.5766296386719,384.05224609375,0.994179904460907,488.5634460449219,316.853759765625,0.651960551738739
track_0,171,0.5242661237716675,900.4002685546875,197.05076599121094,0.6946990489959717,864.2578125,284.6264343261719,0.9891616702079773,880.8240966796875,364.6695861816406,0.7700552940368652
track_1,171,0.45378023386001587,481.0115051269531,432.46435546875,0.8618823885917664,480.5464782714844,380.39874267578125,0.9867568612098694,488.59112548828125,316.8799743652344,0.6843679547309875
track_0,172,0.5275124907493591,892.11962890625,196.0278778076172,0.630364179611206,864.0927124023438,284.48089599609375,0.9918904900550842,880.84375,364.4534912109375,0.7461830377578735
track_1,172,0.45477449893951416,481.01983642578125,432.4622497558594,0.8570813536643982,480.5392150878906,380.3974914550781,0.9844767451286316,485.44073486328125,316.629150390625,0.6812200546264648
track_0,173,0.5231753587722778,880.3556518554688,188.04872131347656,0.5250058770179749,863.9898681640625,276.60546875,0.9679601788520813,884.2476196289062,360.4979553222656,0.792840301990509
track_1,173,0.45419734716415405,481.0166320800781,432.49090576171875,0.8523048162460327,480.5338134765625,380.4058532714844,0.9840643405914307,488.5671691894531,316.878173828125,0.6828831434249878
track_0,174,0.5235291719436646,873.1394653320312,183.64793395996094,0.4075883626937866,860.59228515625,272.3121337890625,0.996798574924469,884.8701782226562,356.44500732421875,0.7418489456176758
track_1,174,0.4548942744731903,481.08160400390625,431.9166259765625,0.7716647982597351,480.57373046875,384.06292724609375,0.9941401481628418,488.5245056152344,316.8408508300781,0.6388031244277954
track_0,175,0.5175793766975403,860.6381225585938,179.66732788085938,0.3469867408275604,863.9949340820312,268.307373046875,0.9807275533676147,884.507080078125,352.12542724609375,0.832259476184845
track_1,175,0.4530046880245209,480.9600830078125,432.39678955078125,0.8342337012290955,480.5294494628906,380.3938903808594,0.9824525117874146,485.45697021484375,316.6358642578125,0.6857184171676636
track_0,176,0.5207352638244629,852.4304809570312,175.22787475585938,0.3622719943523407,864.1539306640625,264.2752685546875,0.975767195224762,880.4872436523438,343.81256103515625,0.8381507396697998
track_1,176,0.45277294516563416,481.05255126953125,431.81793212890625,0.7461963295936584,480.5577087402344,384.0486755371094,0.9908239245414734,488.49609375,316.8321228027344,0.640792191028595
track_0,177,0.5265845060348511,848.4374389648438,164.01390075683594,0.3749418556690216,860.3663940429688,252.36532592773438,0.9455679655075073,881.299072265625,328.7816162109375,0.8814125657081604
track_1,177,0.4524291753768921,481.05377197265625,431.82513427734375,0.7465818524360657,480.5595703125,384.05157470703125,0.9917416572570801,488.4889831542969,316.8381042480469,0.644342303276062
track_0,178,0.5318892002105713,833.0497436523438,160.03530883789062,0.3681621253490448,860.0623779296875,248.2430877685547,0.9681397080421448,881.0933837890625,320.2413330078125,0.8232147097587585
track_1,178,0.4534856677055359,481.0574951171875,431.78826904296875,0.7557949423789978,480.566162109375,384.05267333984375,0.9925928711891174,488.4888610839844,316.8473815917969,0.6476836204528809
track_0,179,0.5359894037246704,828.6593017578125,155.9588623046875,0.39869827032089233,856.3548583984375,244.25973510742188,0.9633443355560303,884.3145141601562,312.33197021484375,0.7302858233451843
track_1,179,0.4513947665691376,481.0760192871094,431.8379211425781,0.749363899230957,480.56768798828125,384.0506896972656,0.9926623702049255,488.48388671875,316.836181640625,0.6456195712089539
track_0,180,0.5335734486579895,820.7340087890625,155.9040985107422,0.4304102957248688,856.1868896484375,244.21473693847656,0.9608448147773743,884.72802734375,308.671875,0.7233552932739258
track_1,180,0.4518747925758362,481.0997314453125,431.8387451171875,0.7564646005630493,480.5715637207031,384.0513916015625,0.9931373596191406,488.4820251464844,316.8366394042969,0.6446290612220764
track_0,181,0.5312656164169312,816.499755859375,156.06951904296875,0.4546118378639221,856.046142578125,244.32781982421875,0.9655759930610657,887.9307861328125,308.64337158203125,0.7232827544212341
track_1,181,0.45105797052383423,481.1072082519531,431.8936462402344,0.757337212562561,480.5705871582031,384.056640625,0.9923316836357117,488.47662353515625,316.8363952636719,0.6394730806350708
track_0,182,0.5252928733825684,812.5360107421875,156.0126190185547,0.4418400526046753,852.4564819335938,244.1946258544922,0.9783445596694946,888.6172485351562,308.67999267578125,0.6466408371925354
track_1,182,0.45151907205581665,481.1248474121094,431.84222412109375,0.7692040205001831,480.56719970703125,384.05010986328125,0.9925999641418457,488.47039794921875,316.83538818359375,0.6414995789527893
track_0,183,0.5209949612617493,808.6640625,155.96141052246094,0.40696048736572266,852.407958984375,244.23944091796875,0.9801574349403381,888.484619140625,308.24078369140625,0.6972804069519043
track_1,183,0.45003238320350647,481.13616943359375,431.86712646484375,0.7625634670257568,480.5726318359375,384.05535888671875,0.9915943145751953,488.47412109375,316.8514404296875,0.6422049403190613
track_0,184,0.5169510245323181,804.586669921875,152.18453979492188,0.483295738697052,852.2772216796875,240.42718505859375,0.9868957996368408,888.292236328125,308.1705627441406,0.7622017860412598
track_1,184,0.4498993456363678,480.3753967285156,431.8880310058594,0.7931124567985535,483.9951171875,384.06683349609375,0.9970002174377441,487.95831298828125,316.8379821777344,0.7214623689651489
track_0,185,0.5159518718719482,800.8191528320312,152.10733032226562,0.503239631652832,852.5838623046875,240.1916961669922,0.9859887957572937,889.1838989257812,304.7467041015625,0.7880663871765137
track_1,185,0.4490009844303131,480.35418701171875,431.9338073730469,0.7809944748878479,483.99041748046875,384.073486328125,0.9971206188201904,487.9740295410156,316.84613037109375,0.7240258455276489
track_0,186,0.5066681504249573,792.55712890625,148.98822021484375,0.8196495771408081,852.5247802734375,236.3223876953125,0.957035481929779,889.4256591796875,308.17767333984375,0.8828005194664001
track_1,186,0.44972118735313416,480.3293762207031,431.94256591796875,0.7805394530296326,483.9874267578125,384.07470703125,0.9979041218757629,487.98388671875,316.8512878417969,0.7277416586875916
track_0,187,0.49420952796936035,780.5439453125,152.550048828125,0.8668503761291504,852.259765625,232.45706176757812,0.9501302242279053,892.315185546875,304.363525390625,0.8611136674880981
track_1,187,0.4496278762817383,481.082763671875,431.96746826171875,0.747764527797699,480.5694580078125,384.0718994140625,0.9905961155891418,488.50830078125,316.87591552734375,0.6498449444770813
track_0,188,0.4648381471633911,764.5339965820312,156.74839782714844,0.538606584072113,848.2293701171875,232.4901885986328,0.930266797542572,892.0060424804688,304.08441162109375,0.8457809686660767
track_1,188,0.4511127769947052,481.0673828125,431.91748046875,0.7595131397247314,480.5635070800781,384.069091796875,0.9907030463218689,488.51702880859375,316.8767395019531,0.6490622162818909
track_0,189,0.442336767911911,752.6382446289062,172.69815063476562,0.6331416368484497,840.351318359375,232.5118408203125,0.946841299533844,889.0030517578125,300.73736572265625,0.7899171113967896
track_1,189,0.4506632089614868,481.06402587890625,431.95892333984375,0.7541951537132263,480.5675964355469,384.0714416503906,0.9914789795875549,488.53692626953125,316.8788146972656,0.6513426303863525
track_0,190,0.38782933354377747,,,0.0,836.1441040039062,236.2921142578125,0.9326715469360352,904.21533203125,268.233154296875,0.7108369469642639
track_1,190,0.45193368196487427,480.2933349609375,431.94219970703125,0.7749265432357788,483.98541259765625,384.0740966796875,0.9987489581108093,488.0311584472656,316.8719177246094,0.740955650806427
track_0,191,0.34312376379966736,,,0.0,820.3988037109375,228.21405029296875,0.9190027117729187,896.3690795898438,259.9482421875,0.9806795716285706
track_1,191,0.452548623085022,480.3175964355469,432.04779052734375,0.750988245010376,483.98883056640625,384.1125183105469,0.997042715549469,488.0347900390625,316.89166259765625,0.7447221875190735
track_0,192,0.3099301755428314,,,0.0,804.041748046875,216.3795166015625,1.0085926055908203,880.59765625,244.04058837890625,0.9693924188613892
track_1,192,0.45481109619140625,480.3608703613281,432.132080078125,0.7411434054374695,483.9977722167969,384.1449279785156,0.9946369528770447,488.0552978515625,316.90838623046875,0.7453521490097046
track_0,193,0.3712496757507324,687.8425903320312,164.64715576171875,0.5826285481452942,776.2249755859375,204.245361328125,1.0153926610946655,848.4892578125,240.45159912109375,0.506095826625824
track_1,193,0.4595295190811157,480.2784423828125,432.6461181640625,0.7833629846572876,484.0113525390625,384.21728515625,0.9989688992500305,488.04718017578125,316.9871520996094,0.7490107417106628
track_0,194,0.40654557943344116,668.06103515625,149.26129150390625,0.5619038343429565,756.3971557617188,196.69168090820312,1.0163235664367676,820.9794311523438,228.56883239746094,0.3493260443210602
track_1,194,0.46321186423301697,480.03985595703125,432.98236083984375,0.8311703205108643,484.0190124511719,384.2566223144531,1.0013129711151123,488.026123046875,317.0438232421875,0.7530916333198547
track_0,195,0.42507684230804443,656.5411376953125,144.3333282470703,0.7316173911094666,744.4525146484375,196.3307342529297,1.033159852027893,811.8258666992188,216.59317016601562,0.4490235149860382
track_1,195,0.4639756977558136,480.6152038574219,432.9864196777344,0.8140804767608643,480.50946044921875,384.3077392578125,0.995883047580719,488.53759765625,317.0888366699219,0.6722482442855835
track_0,196,0.4213908612728119,648.7706909179688,143.6990509033203,0.6456281542778015,736.3141479492188,192.69375610351562,1.0219168663024902,804.2185668945312,216.78192138671875,0.6504124402999878
track_1,196,0.46275946497917175,480.5807189941406,432.99127197265625,0.8173654079437256,480.503662109375,384.3236389160156,0.9867638349533081,488.55426025390625,317.0859375,0.6766040921211243
track_0,197,0.3974892497062683,652.2990112304688,140.4070587158203,0.7074921727180481,732.3941040039062,192.65921020507812,1.019702672958374,800.159912109375,213.35113525390625,0.6161566376686096
track_1,197,0.4623177945613861,480.5757141113281,436.2244873046875,0.8011531233787537,480.49755859375,384.34637451171875,0.9868264198303223,488.5361328125,317.1184387207031,0.6800598502159119
track_0,198,0.3875780403614044,648.8397827148438,140.00726318359375,0.7436221241950989,728.3975830078125,192.49581909179688,1.021509051322937,792.7633056640625,216.1996612548828,0.2438247948884964
track_1,198,0.4602600634098053,480.64825439453125,436.2347412109375,0.7955173850059509,480.5064697265625,384.3518371582031,0.988469123840332,488.5335998535156,317.1413879394531,0.6818920969963074
track_0,199,0.38032981753349304,648.2839965820312,140.29727172851562,0.7923176884651184,728.0537109375,188.81500244140625,1.0141420364379883,796.5390625,208.57281494140625,0.248721182346344
track_1,199,0.4567286968231201,480.9317321777344,432.9222412109375,0.779500424861908,480.5341796875,384.3529052734375,0.9889189600944519,488.56121826171875,317.09454345703125,0.6819494366645813
