Frame;Time;X_Arena0_Ind0_part0;Y_Arena0_Ind0_part0;X_Arena0_Ind0_part1;Y_Arena0_Ind0_part1;X_Arena1_Ind0;Y_Arena1_Ind0;X_Arena1_Ind1;Y_Arena1_Ind1
0;0.0;120.0;80.0;100.0;82.0;301.25;90.5;340.75;60.0
1;0.03;122.0;81.0;102.0;83.0;302.5;91.0;341.0;61.25
2;0.07;NA;NA;NA;NA;303.75;91.5;341.25;62.5
3;0.1;126.0;83.0;106.0;85.0;305.0;92.0;NA;NA
4;0.13;128.0;84.0;108.0;86.0;306.25;92.5;341.75;65.0
5;0.17;130.0;85.0;110.0;87.0;307.5;93.0;342.0;66.25
6;0.2;132.0;86.0;112.0;88.0;308.75;93.5;342.25;67.5
7;0.23;134.0;87.0;114.0;89.0;310.0;94.0;342.5;68.75
8;0.27;136.0;88.0;116.0;90.0;311.25;94.5;342.75;70.0
9;0.3;138.0;89.0;118.0;91.0;312.5;95.0;343.0;71.25
10;0.33;140.0;90.0;120.0;92.0;313.75;95.5;343.25;72.5
11;0.37;142.0;91.0;122.0;93.0;315.0;96.0;343.5;73.75
12;0.4;144.0;92.0;124.0;94.0;316.25;96.5;343.75;75.0
13;0.43;146.0;93.0;126.0;95.0;317.5;97.0;344.0;76.25
14;0.47;148.0;94.0;128.0;96.0;318.75;97.5;344.25;77.5
15;0.5;150.0;95.0;130.0;97.0;320.0;98.0;344.5;78.75
16;0.53;152.0;96.0;132.0;98.0;321.25;98.5;344.75;80.0
17;0.57;154.0;97.0;134.0;99.0;322.5;99.0;345.0;81.25
18;0.6;156.0;98.0;136.0;100.0;323.75;99.5;345.25;82.5
19;0.63;158.0;99.0;138.0;101.0;325.0;100.0;345.5;83.75
20;0.67;160.0;100.0;140.0;102.0;326.25;100.5;345.75;85.0
21;0.7;162.0;101.0;142.0;103.0;327.5;101.0;346.0;86.25
22;0.73;164.0;102.0;144.0;104.0;328.75;101.5;346.25;87.5
23;0.77;166.0;103.0;146.0;105.0;330.0;102.0;346.5;88.75
24;0.8;168.0;104.0;148.0;106.0;331.25;102.5;346.75;90.0
25;0.83;170.0;105.0;150.0;107.0;332.5;103.0;347.0;91.25
26;0.87;172.0;106.0;152.0;108.0;333.75;103.5;347.25;92.5
27;0.9;174.0;107.0;154.0;109.0;335.0;104.0;347.5;93.75
28;0.93;176.0;108.0;156.0;110.0;336.25;104.5;347.75;95.0
29;0.97;178.0;109.0;158.0;111.0;337.5;105.0;348.0;96.25
30;1.0;180.0;110.0;160.0;112.0;338.75;105.5;348.25;97.5
