Frame;Time;X_Arena0_Ind0_Head;Y_Arena0_Ind0_Head;X_Arena0_Ind0_Tail;Y_Arena0_Ind0_Tail;X_Arena1_Ind0;Y_Arena1_Ind0;X_Arena1_Ind1;Y_Arena1_Ind1
0;0.0;120;80;100;82;301.25;90.5;340.75;60.0
1;0.03;122;81;102;83;302.5;91.0;341.0;61.25
2;0.07;NA;NA;NA;NA;303.75;91.5;341.25;62.5
3;0.1;126;83;106;85;305.0;92.0;NA;NA
4;0.13;128;84;108;86;306.25;92.5;341.75;65.0
5;0.17;130;85;110;87;307.5;93.0;342.0;66.25
6;0.2;132;86;112;88;308.75;93.5;342.25;67.5
7;0.23;134;87;114;89;310.0;94.0;342.5;68.75
8;0.27;136;88;116;90;311.25;94.5;342.75;70.0
9;0.3;138;89;118;91;312.5;95.0;343.0;71.25
10;0.33;140;90;120;92;313.75;95.5;343.25;72.5
11;0.37;142;91;122;93;315.0;96.0;343.5;73.75
12;0.4;144;92;124;94;316.25;96.5;343.75;75.0
13;0.43;146;93;126;95;317.5;97.0;344.0;76.25
14;0.47;148;94;128;96;318.75;97.5;344.25;77.5
15;0.5;150;95;130;97;320.0;98.0;344.5;78.75
16;0.53;152;96;132;98;321.25;98.5;344.75;80.0
17;0.57;154;97;134;99;322.5;99.0;345.0;81.25
18;0.6;156;98;136;100;323.75;99.5;345.25;82.5
19;0.63;158;99;138;101;325.0;100.0;345.5;83.75
20;0.67;160;100;140;102;326.25;100.5;345.75;85.0
21;0.7;162;101;142;103;327.5;101.0;346.0;86.25
22;0.73;164;102;144;104;328.75;101.5;346.25;87.5
23;0.77;166;103;146;105;330.0;102.0;346.5;88.75
24;0.8;168;104;148;106;331.25;102.5;346.75;90.0
25;0.83;170;105;150;107;332.5;103.0;347.0;91.25
26;0.87;172;106;152;108;333.75;103.5;347.25;92.5
27;0.9;174;107;154;109;335.0;104.0;347.5;93.75
28;0.93;176;108;156;110;336.25;104.5;347.75;95.0
29;0.97;178;109;158;111;337.5;105.0;348.0;96.25
30;1.0;180;110;160;112;338.75;105.5;348.25;97.5
